8,PA0506,14,PA0506
7,PA5188,10,PA5188
12,PA3014,13,PA3014
3,PA1984,8,PA1984
5,PA1027,5,PA1027
9,PA4899,13,PA4899
1,PA5312,8,PA5312
4,PA2624,11,PA2624
10,PA3025,10,PA3025
10,PA0761,12,PA0761
6,PA4130,14,PA4130
5,PA1838,8,PA1838
6,PA5439,14,PA5439
5,PA2518,6,PA2518
6,PA2892,11,PA2892
2,PA3146,11,PA3146
9,PA3559,9,PA3559
5,PA3569,16,PA3569
8,PA3629,14,PA3629
3,PA2125,7,PA2125
10,PA4073,12,PA4073
8,PA4092,8,PA4092
5,PA4226,17,PA4226
5,PA4224,12,PA4224
8,PA4538,14,PA4538
9,PA3471,11,PA3471
9,PA2124,10,PA2124
4,PA4100,14,PA4100
4,PA5372,8,PA5372
7,PA3710,12,PA3710
6,PA3452,14,PA3452
7,PA4150,15,PA4150
11,PA4153,11,PA4153
4,PA4217,9,PA4217
9,PA5378,11,PA5378
5,PA3890,9,PA3890
7,PA3891,11,PA3891
12,PA5376,10,PA5376
10,PA5377,12,PA5377
9,PA3888,11,PA3888
4,PA3889,11,PA3889
7,PA4351,12,PA4351
5,PA0206,17,PA0206
9,PA3254,13,PA3254
8,PA3589,8,PA3589
10,PA3013,12,PA3013
4,PA0885,2,PA5169
5,PA0884,9,PA0885
7,PA1183,6,PA0884
5,PA5152,1,PA0119
11,PA0888,14,PA1183
6,PA2926,17,PA5152
7,PA5154,11,PA0888
8,PA2924,9,PA2926
8,PA2923,15,PA5154
11,PA5153,14,PA2924
9,PA4913,7,PA2923
7,PA4911,11,PA5153
5,PA4910,15,PA4913
12,PA4909,15,PA4911
8,PA4912,12,PA4910
3,PA1073,5,PA4909
3,PA1072,14,PA4912
4,PA1074,4,PA1073
5,PA1340,4,PA1072
10,PA1342,5,PA1074
6,PA1341,17,PA1340
5,PA1339,12,PA1342
9,PA4192,15,PA1341
6,PA4719,15,PA1339
8,PA1519,13,PA4192
8,PA0352,16,PA4719
8,PA1507,10,PA1519
8,PA4647,13,PA0352
8,PA3924,13,PA1507
8,PA2557,13,PA4647
12,PA4198,11,PA3924
4,PA3299,9,PA2557
9,PA3300,10,PA4198
11,PA2296,14,PA3299
5,PA3449,13,PA3300
10,PA3448,11,PA2296
6,PA3447,7,PA3449
10,PA2026,12,PA3448
5,PA1288,16,PA3447
8,PA4589,12,PA2026
7,PA5508,16,PA1288
9,PA0296,13,PA4589
8,PA5522,15,PA5508
4,PA2536,13,PA0296
9,PA3920,14,PA5522
7,PA3977,12,PA2536
7,PA4733,13,PA3920
6,PA4925,15,PA3977
7,PA3739,11,PA4733
9,PA5021,16,PA4925
9,PA4980,12,PA3739
10,PA5096,13,PA5021
7,PA5095,13,PA4980
9,PA5094,12,PA5096
7,PA3538,15,PA5095
9,PA5310,13,PA5094
12,PA3673,8,PA3538
10,PA0011,13,PA5310
5,PA0051,10,PA3673
10,PA0789,12,PA0011
7,PA0129,13,PA0051
11,PA0212,12,PA0789
7,PA0210,7,PA0129
8,PA0215,11,PA0212
12,PA5237,8,PA0210
6,PA2204,14,PA0215
10,PA2073,10,PA5237
6,PA1419,4,PA2204
3,PA5099,15,PA2073
11,PA0476,12,PA1419
5,PA0438,6,PA5099
7,PA0443,8,PA0476
4,PA0166,13,PA0438
7,PA2938,15,PA0443
11,PA0510,18,PA0166
3,PA0514,9,PA2938
7,PA0511,11,PA0510
12,PA1489,8,PA0514
11,PA3863,14,PA0511
10,PA2776,10,PA1489
8,PA5145,11,PA3863
9,PA4548,12,PA2776
7,PA1567,14,PA5145
8,PA3424,10,PA4548
7,PA1267,9,PA1567
6,PA5309,14,PA3424
11,PA1918,15,PA1267
5,PA1565,16,PA5309
6,PA2195,11,PA1918
6,PA3456,10,PA1565
9,PA1028,9,PA2195
3,PA1580,14,PA3456
8,PA0836,13,PA1028
11,PA0854,10,PA1580
4,PA3139,14,PA0836
9,PA0944,10,PA0854
9,PA1124,14,PA3139
6,PA3875,9,PA0944
3,PA1634,13,PA1124
12,PA1633,14,PA3875
7,PA1635,1,PA1634
11,PA1655,11,PA1633
10,PA1809,13,PA1635
7,PA1808,11,PA1655
14,PA2104,12,PA1809
6,PA2188,14,PA1808
6,PA2158,11,PA2104
6,PA2119,11,PA2188
8,PA2191,15,PA2158
8,PA2340,16,PA2119
10,PA2341,14,PA2191
12,PA2338,15,PA2340
11,PA2339,12,PA2341
11,PA2350,10,PA2338
9,PA2349,11,PA2339
7,PA2351,11,PA2350
12,PA2400,13,PA2349
9,PA2424,15,PA2351
12,PA2407,11,PA2400
9,PA2541,13,PA2424
11,PA2912,10,PA2407
8,PA3141,15,PA2541
4,PA3153,10,PA2912
4,PA3172,14,PA3141
7,PA5091,10,PA3153
8,PA3445,14,PA3172
8,PA3442,10,PA5091
14,PA2533,14,PA3445
7,PA3461,13,PA3442
10,PA3524,8,PA2533
6,PA3542,12,PA3461
4,PA3545,10,PA3524
7,PA3550,7,PA3542
5,PA3561,6,PA3545
7,PA3562,6,PA3550
5,PA3560,8,PA3561
9,PA3582,5,PA3562
3,PA3876,6,PA3560
6,PA3877,14,PA3582
4,PA3887,8,PA3876
7,PA5291,9,PA3877
7,PA5375,11,PA3887
8,PA3938,1,PA3933
4,PA4024,15,PA5291
10,PA4047,15,PA5375
7,PA4055,3,PA3938
8,PA4126,9,PA4024
5,PA4158,11,PA4047
3,PA4236,8,PA4055
9,PA4447,14,PA4126
5,PA4506,5,PA4158
5,PA4512,10,PA4236
10,PA4519,10,PA4447
9,PA3798,19,PA4506
8,PA2897,16,PA4512
8,PA2032,7,PA4519
6,PA4722,11,PA3798
12,PA4132,14,PA2897
9,PA3114,14,PA2032
9,PA4544,12,PA4722
10,PA4742,10,PA4132
3,PA3246,13,PA3114
7,PA4771,12,PA4544
6,PA4839,12,PA4742
5,PA4865,5,PA3246
8,PA5008,8,PA4771
8,PA5174,16,PA4839
9,PA5236,10,PA4865
13,PA0331,13,PA5008
6,PA5416,14,PA5174
5,PA5419,13,PA5236
8,PA1982,12,PA0331
8,PA5450,9,PA5416
6,PA0241,17,PA5419
9,PA0913,14,PA1982
9,PA1165,14,PA5450
3,PA1783,16,PA0241
11,PA2210,13,PA0913
10,PA2385,12,PA1165
10,PA3475,6,PA1783
7,PA3603,11,PA2210
6,PA3766,12,PA2385
10,PA2194,6,PA3475
2,,12,PA3603
2,,14,PA3766
2,,12,PA2194
