PA0506,3,9,4
PA1984,1,5,2
PA1027,2,6,1
PA4899,3,10,1
PA3025,1,6,2
PA0761,1,12,4
PA1838,2,6,1
PA5439,1,9,3
PA3559,1,3,3
PA4092,2,4,2
PA4225,3,4,6
PA4538,1,11,4
PA3471,3,6,2
PA2124,1,5,3
PA5372,1,1,5
PA3710,3,7,2
PA3452,3,6,5
PA4150,2,9,5
PA3888,1,8,1
PA3889,1,8,5
PA4351,3,4,4
PA0206,2,13,1
PA3254,1,12,4
PA0885,2,4,1
PA0884,1,2,1
PA5152,3,14,3
PA2926,1,6,3
PA5154,1,5,6
PA5153,2,5,5
PA4913,2,15,3
PA4910,1,5,2
PA4912,1,11,4
PA1340,3,10,2
PA1519,3,5,2
PA1507,1,9,5
PA4647,1,11,4
PA3299,3,10,1
PA2296,1,5,1
PA3449,3,4,4
PA3448,1,3,4
PA3447,2,7,5
PA2026,1,12,2
PA5508,3,10,3
PA0296,1,10,4
PA5522,2,4,5
PA2536,2,8,1
PA3920,1,6,1
PA4733,1,5,6
PA4925,2,4,3
PA5096,1,8,3
PA0011,2,11,3
PA0051,3,8,1
PA0129,1,3,3
PA0210,1,6,1
PA2204,2,4,2
PA2073,3,11,5
PA1419,1,6,5
PA5099,2,5,3
PA0438,2,10,1
PA0443,2,10,6
PA0166,3,11,1
PA2938,1,8,1
PA0514,2,3,4
PA3863,2,4,3
PA5145,2,13,6
PA1918,3,6,1
PA2195,1,7,2
PA3456,2,6,6
PA0854,1,8,1
PA3139,1,7,2
PA0944,1,4,1
PA3875,2,8,3
PA1635,1,6,1
PA1655,2,5,1
PA1808,2,9,3
PA1902,1,9,3
PA2191,1,8,1
PA2339,1,10,3
PA2350,1,4,2
PA2400,3,8,5
PA2424,2,5,3
PA2407,1,5,4
PA2541,3,14,5
PA2912,2,6,2
PA3141,2,12,2
PA3172,1,10,2
PA3442,2,8,3
PA2533,1,3,1
PA3461,3,5,3
PA3562,1,3,4
PA3560,1,5,3
PA3877,1,4,2
PA3887,3,5,3
PA4055,3,4,5
PA4126,1,8,5
PA4447,3,6,1
PA4512,2,7,2
PA2032,3,6,4
PA4722,1,9,1
PA3114,2,10,3
PA4742,1,5,2
PA3246,3,5,2
PA4865,2,8,1
PA5008,2,9,2
PA5174,3,13,3
PA5416,1,8,1
PA0241,1,7,3
PA0913,1,7,4
PA2385,3,4,4
PA3475,2,2,2
PA3603,3,6,4
PA3766,1,5,5
