PA0506,8
PA5188,6
PA3014,11
PA1984,7
PA1027,9
PA4899,7
PA5312,6
PA2624,4
PA3025,9
PA0761,10
PA4130,2
PA1838,5
PA5439,5
PA2518,5
PA2892,5
PA3146,4
PA3559,9
PA3569,5
PA3629,4
PA2125,5
PA4073,8
PA4092,7
PA4226,3
PA4224,5
PA4538,8
PA3471,9
PA2124,9
PA4100,4
PA5372,4
PA3710,7
PA3452,6
PA4150,4
PA4153,11
PA4217,4
PA5378,8
PA3890,5
PA3891,7
PA5376,9
PA5377,10
PA3888,8
PA3889,4
PA4351,7
PA0206,5
PA3254,6
PA3589,7
PA3013,8
PA0885,2
PA0884,4
PA1183,6
PA5152,6
PA0888,11
PA2926,4
PA5154,7
PA2924,5
PA2923,8
PA5153,11
PA4913,9
PA4911,7
PA4910,4
PA4909,12
PA4912,9
PA1073,2
PA1072,3
PA1074,4
PA1340,5
PA1342,10
PA1341,5
PA1339,5
PA4192,9
PA4719,7
PA1519,6
PA0352,6
PA1507,4
PA4647,8
PA3924,7
PA2557,6
PA4198,11
PA3299,4
PA3300,8
PA2296,10
PA3449,5
PA3448,9
PA3447,6
PA2026,10
PA1288,4
PA4589,7
PA5508,7
PA0296,7
PA5522,7
PA2536,4
PA3920,7
PA3977,6
PA4733,6
PA4925,5
PA3739,6
PA5021,7
PA4980,7
PA5096,8
PA5095,7
PA5094,8
PA3538,7
PA5310,9
PA3673,8
PA0011,10
PA0051,5
PA0789,10
PA0129,7
PA0212,10
PA0210,7
PA0215,5
PA5237,10
PA2204,6
PA2073,12
PA1419,6
PA0476,11
PA0438,4
PA0443,8
PA0166,3
PA2938,6
PA0510,11
PA0514,3
PA0511,2
PA1489,13
PA3863,9
PA2776,11
PA5145,9
PA4548,8
PA1567,6
PA3424,9
PA1267,8
PA5309,5
PA1918,9
PA1565,3
PA2195,6
PA3456,6
PA1028,7
PA1580,3
PA0836,5
PA0854,11
PA3139,4
PA0944,8
PA1124,8
PA3875,6
PA1633,12
PA1635,5
PA1655,11
PA1809,9
PA1808,5
PA2104,15
PA2188,6
PA2158,5
PA2119,6
PA2191,6
PA2340,8
PA2341,9
PA2338,12
PA2339,10
PA2350,11
PA2349,8
PA2351,7
PA2400,13
PA2424,7
PA2407,9
PA2541,10
PA2912,10
PA3141,5
PA3153,4
PA3172,3
PA5091,7
PA3445,6
PA3442,6
PA2533,14
PA3461,7
PA3524,9
PA3542,6
PA3545,4
PA3550,7
PA3561,4
PA3562,4
PA3560,3
PA3582,11
PA3876,5
PA3877,7
PA3887,4
PA5291,5
PA5375,7
PA3938,8
PA4024,4
PA4047,9
PA4055,8
PA4126,7
PA4158,5
PA4236,4
PA4447,8
PA4506,4
PA4512,5
PA4519,9
PA3798,8
PA2897,9
PA2032,7
PA4722,5
PA4132,12
PA3114,9
PA4544,8
PA4742,8
PA3246,3
PA4771,7
PA4839,5
PA4865,6
PA5008,7
PA5174,7
PA5236,9
PA0331,13
PA5416,5
PA5419,4
PA1982,6
PA5450,7
PA0241,6
PA0913,6
PA1165,8
PA1783,1
PA2210,7
PA2385,7
PA3475,11
PA3603,7
PA3766,5
PA2194,10
